abis,habis
abisin,habis
abisnya,habisnya
abistu,habis itu
abusanya,busanya
acne prone,wajah berjerawat
acne,jerawat
acneprone,jerawat
acnes,jerawat
acnesnya,jerawat
active,aktif
actives,aktif
adaa,ada
adalahmake,adalah pakai
adang,kadang
adatoner,ada toner
adekku,adek ku
adikku,adik ku
adl,adil
adlh,adalah
aer,air
afa,ada
afdol,ampuh
afforadable,terjangkau
afford,terjangkau
affordable,terjangkau
afordable,terjangkau
after,setelah
afterapply,setelah pakai
afternya,setelah
aftertaste,setelah pakai
afteusenya,setelah pakai
ajaibkuu,ajaib aku
ajasih,aja
akhirnya,akhir
akhrinya,akhir
akrna,karena
aktifitas,aktivitas
aktivitas,aktifitas
aktivitasku,aktifitas
akulit,kulit
akum,aku
akumahh,aku
akun,aku
akutuh,aku
alcohol,alkohol
alcoholnya,alkohol
alesan,alasan
alesannya,alasan
alhasik,alhasil
alkoholnyaa,alkohol
allergen,alergi
aloe,alovera
alovera,aloevera
alternative,alternatif
alus,halus
always,selalu
ama,sama
amaze,kagum
amazed,kagum
amazenya,kagum
amazing,kagum
ampe,sampai
ampoulenya,ampoule
ampuhbnrbnr,ampuh benar
andalah,andalan
andelin,andal
anehh,aneh
anehnya,aneh
angakat,angkat
angkatbersihcerah,angkat bersih cerah
annoying,ganggu
anotherr,another
anoying,ganggu
antaranya,antara
antibakteri,anti bakteri
antioksidan,anti oksidan
apes,sial
aplikator,pakai
aplikatornya,pakai
aply,pakai
aplying,pakai
applied,pakai
apply,pakai
approved,setuju
apus,hapus
aqu,aku
aromanaya,aroma
artitel,artikel
asa,ada
aseli,asli
ato,atau
atw,atau
awat,awet
awlanya,awal
awrt,awet
bad,buruk
badantube,badan
bagikalian,bagi kalian
bagua,bagus
bagun,bagus
bagusny,bagus
bagusnysel,bagus
baguspol,bagus
baguss,bagus
bagussbgt,bagus banget
bahanya,bahan
bahayaaman,bahaya aman
bahkann,bahkan
bahkn,bahkan
baiks,baik
bakal,akan
balancing,imbang
balek,balik
balikaku,balik aku
balum,belum
bandel,bandal
bandingin,banding
bandungg,bandung
bangat,banget
banged,banget
bangeet,banget
bangeett,banget
banger,banget
banget,banget
bangetbanget,banget
bangett,banget
bangey,banget
bangus,bagus
banhet,banget
banhget,banget
bantuu,bantu
banya,banyak
banyaakk,banyak
banyakk,banyak
banyakmuncul,banyak muncul
banyk,banyak
baran,barang
barangkali,barang kali
barcode,kode
barcodenya,kode
bare,wajah asli
bareface,wajah asli
barengin,bareng
barier,barrier
barierr,barrier
barrier,barrier
barrier,dasar
barrierku,barrier
barumeski,baru meskipun
baruu,baru
basa,basah
base,dasar
based,dasar
basic,dasar
basicnya,dasar
bauk,bau
bawak,bawa
bayangin,bayang
bberapa,berapa
bbrp,beberapa
bcs,karena
beauties,cantik
beauty,cantik
beberaapa,beberapa
beberap,beberapa
bebrapa,beberapa
because,karena
before,sebelum
bekurang,berkurang
bel,beli
belom,belum
belu,beli
benarterasa,benar terasa
bene,manfaat
benee,manfaat
benefit,manfaat
benefitnya,manfaat
benefits,manfaat
bener,benar
benera,benar
beneran,benar
benerann,benar
benerbener,benar
bengkuang,bengkoang
benjol,bentol
bentolanya,bentok
bentukny,bentuknya
benwr,benar
benzoyl,benjol
beradptasi,beradaptasi
beraktifitas,aktivitas
beranii,berani
beraniin,berani
berasa,rasa
berasanya,rasa
berbulan,bulan
berbulanbulan,bulan bulan
berekasinya,bereaksi
berekspektasi,ekspektasi
berekspetasi,ekspektasi
berentiin,berhenti
beres,selesai
berfragrance,parfum
berharap,harap
berhentiin,berhenti
berishinnya,bersih
berisihin,bersih
berisihin,bersihi
berjasaa,berjasa
berlendirr,berlendir
bermakeup,makeup
bermanfat,manfaat
berminyakan,berminyak
berminyk,minyak
bernapas,bernafas
bershin,bersih
bersihan,bersih
bersihbgt,bersih banger
bersihh,bersih
bersihin,bersih
bersihinin,bersih
bersihinnya,bersih
bersiih,bersih
bersiin,bersih
bertestur,bertekstur
bertexture,bertekstur
beruntus,bruntus
beruntusan,bruntus
beruntusantentu,bruntus tentu
beruntusanya,bruntus
best,bagus
best,terbaik
bestseler,laris
bestt,bagus
bete,kesal
beter,lebih baik
better,lebih baik
bgd,banget
bgiann,bagian
bgni,begini
bgs,bagus
bgt,banget
bgtbeberapa,banget beberapa
bgtbgt,banget
bgtbgtbgt,banget
bgtt,banget
bgtu,begitu
bgus,bagus
bguss,bagus
bgy,bagus
bhanya,bahannya
bhumi,bumi
biarin,biar
biarpun,biar
biasaa,biasa
biat,buat
big,besar
bigno,tidak banget
biikin,buat
biki,buat
bikim,buat
bikin,buat
biking,buat
bikit,buat
bikn,buat
bilah,bila
bilg,bila
bilin,bilang
billa,bila
biodermaini,bioderma
biodherma,bioderma
biodrma,bioderma
bis,bisa
bisaa,bisa
bkin,buat
bkn,bukan
black,blackhead
blackhead,komedo
blackheadnya,komedo hitam
blackheads,blackhead
bland,pakai
blend,pakai
blendnya,pakai
blg,bilang
bli,beli
blm,belum
blom,belum
bner,benar
bnget,banget
bngt,banget
bngtbngtbbgt,banget
bnr,benar
bnran,benar
bnrbnr,benar
bnrn,benar
bnyak,banyak
bnyk,banyak
bnykan,banyak
bo,breakout
bole,boleh
boom,wow
booming,viral
boong,bohong
bosen,bosan
bosenan,bosan
boto,botol
bottle,botol
box,kotak
boxnya,kotak
brani,berani
brapa,berapa
brarti,berarti
brasa,merasa
break,breakout
breakout,jerawat
breakoutnya,breakout
brentin,berhenti
brighetningfacetoner,cerah
bright,cerah
brightening,cerah
brighteningfacetoner,toner wajah cerah
brighteningg,cerah
brighteningnya,cerah
brightnya,cerah
brkurang,berkurang
brnanah,nanah
brntkn,berantakan
brp,berapa
brpa,berapa
brrt,berarti
brsa,berasa
bru,baru
bruntusan,bruntus
bruntusangatal,bruntus gatal
bruntusanku,bruntus
bruntusannya,bruntus
bruntusanpun,bruntus
bruntusany,bruntusan
bruntusanya,bruntus
bruntusnya,bruntus
brutusan,bruntus
bs,bisa
bsa,bisa
bsk,besok
bsknya,besok
bsok,besok
bsoknya,besok
bte,btw
btuh,butuh
btuntusan,bruntus
buag,buat
buagus,bagus
buangeet,banget
buanget,banget
buanyak,banyak
buatyg,buat yang
bucin,cinta
bucinnya,suka
buerrsih,bersih
buffer,penyangga
bukany,bukan
buktiin,bukti
bulanan,bulan
bulky,tebal
buru,buruk
buruknyaa,buruk
busaa,busa
busahnya,busa
busayg,busa yang
but,tapi
butirany,butiran
butuhin,butuh
buying,buy
byebye,bye
byk,banyak
cakep,bagus
calm,tenang
calming,tenang
cam,tenang
camphor,campur
cannot,tidak
cantela,centela
cantika,cantik
cape,capek
care,peduli
cause,karena
cba,coba
ccok,cocok
cegat,cegah
cekat,cekit
cekitnya,cekit
cekitt,cekit
centaphil,cetaphil
centellanya,centella
cepet,cepat
cepetan,cepat
cera,cerah
ceraham,cerah
cerahan,cerah
cerahh,cerah
cerahin,cerah
cerahkan,cerah
cerahnya,cerah
cetaph,cetaphil
cetaphill,cetaphil
cetapil,cetaphil
cetha,cetaphil
cetphil,cetaphil
change,ubah
changed,ubah
changes,ubah
changing,ubah
cheap,murah
chech,cek
check,cek
chemicalku,chemical
choose,pilih
choosing,pilih
chose,pilih
cintah,cinta
cintak,cinta
cintanya,cinta
ckup,cukup
claim,klaim
claimny,klaim
claimnya,klaim
claims,klaim
clam,klaim
clean,bersih
cleaner,bersih
cleaning,bersih
cleans,bersih
cleanse,pembersih
cleanser,bersih
cleansernya,bersih
cleansers,bersih
cleansing,bersih
cleansingnya,bersih
clear,bersih
clearing,bersih
cleasing,bersih
clekit,cekit
clenaser,bersih
clensing,bersih
cloged,tersumbat
clogged,tersumbat
clogging,tersumbat
close,tutup
cmn,hanya
cobaa,coba
cobacoba,coba
cobai,coba
cobaiin,coba
cobaik,coba
cobain,coba
cobainn,coba
cobak,coba
cobalah,coba
coban,coba
cockk,cocok
cocokan,cocok
cocokk,cocok
cocoknya,cocok
cocol,cocok
cocookk,cocok
colagen,collagen
collage,collagen
collagen,kolagen
collagennya,collagen
colorant,pewarna
colorless,tanpa warna
combi,kombinasi
combinasi,kombinasi
combination,kombinasi
combine,kombinasi
comby,kombinasi
compare,bandingkan
cona,coba
concentrated,konsentrasi
condition,kondisi
consistency,konsistensi
consistencynya,konsistensi
constantly,selalu
contact,kontak
contains,contain
control,kontrol
controlnya,kontrol
convenience,nyaman
cool,dingin
cooling,dingin
coolingnya,dingin
correct,benar
corsc,cosrx
corsx,cosrx
cosr,cosrx
cosrxahabha,cosrx aha bha
cotton,katun
cpt,cepat
cracky,pecah
cream,creamy
cri,cari
cruelty,kejam
csman,hanya
cucimuka,cuci wajah
cucmuk,cuci wajah
cucok,cocok
cucumbar,cucumber
cucumbernya,cucumber
cucumis,cucumber
cuepett,cepat
cuku,cukup
cukuo,cukup
cukupp,cukup
cumaa,hanya
cuman,hanya
cumann,hanya
cumuk,cuci wajah
cumuknya,cuci wajah
cute,lucu
daan,dan
dabest,terbaik
daguku,dagu ku
dahal,padahal
dailyku,daily
dailyy,daily
dak,dan
dalem,dalam
dalemnya,dalamnya
damn,sial
dann,dan
dapatin,dapat
dapet,dapat
dapetin,dapat
dapetnya,dapat
dapett,dapat
dar,dari
dariku,dari ku
dark,gelap
daru,dari
dateng,datang
dbanding,dibanding
debeli,dibeli
debes,bagus
debest,terbaik
deep,dalam
definis,definisi
dehidrated,dehidrasi
dehirasi,dehidrasi
deket,dekat
demen,suka
denger,dengar
dengn,dengan
dep,deep
dependable,diandalkan
descin,desain
description,deskripsi
design,desain
deskripsiin,deskripsi
despite,meskipun
dewy,basah
dgn,dengan
diabisin,habis
diakalin,akal
diakun,di aku
diakun,di akuya
dialy,daily
diamb,diam
diapake,dipakai
diaply,pakai
diaplyin,pakai
diapply,dipakai
diatasin,diatasi
diawal,di awal
diawali,di awal
dibadan,badan
dibanding,di banding
dibandingin,dibandingi
dibarengin,bareng
dibedain,beda
dibeliin,beli
dibersihin,bersih
dibersihinnya,bersih
dibikin,di buat
dibilangnya,di bilang
dibilas,di bilas
diblg,dibilang
dibusain,busa
dibwa,dibawa
dicoba,di coba
dicobaa,dicoba
dicobain,dicoba
dicombo,digabung
didapet,dapat
didapetin,didapat
didiemin,didiam
didn,tidak
didnt,tidak
die,mati
diemin,diam
dieplay,pakai
difference,beda
differences,beda
digabungin,digabung
digunain,guna
dihatikuu,dihati
dihibahin,hibah
diidung,hidung
diitung,hitung
dijadiin,jadi
dijadin,jadi
dijelasin,jelas
dijelasinnya,di jelasinnya
dijelasinnya,jelas
dikantongg,kantong
dikasi,di kasih
dikasih,di kasih
dikasihin,kasih
dikelopek,kelupas
dikembaliin,kembalikan
dikencengin,erat
dikiit,sedikit
dikirimin,di kirim
dikirimin,kirim
dikit,sedikit
dikopek,kelupas
dikulit,di kulit
dikulitku,di kulit aku
dikulitkuu,kulit
dilanjutin,lanjut
dilayer,dilapis
diletusin,pecah
dilewatt,lewat
dilupain,lupa
dimakeup,makeup
dimasukin,masuk
dimuka,wajah
dinaikin,naik
dinginya,dingin
dinotice,perhatikan
diolesin,oles
dipakaiin,pakaikan
dipakaiinnya,dipakai
dipakaikan,di pakaikan
dipake,pakai
dipakedan,dipakai dan
dipakein,pakai
dipakek,pakai
dipakenya,pakai
dipakenyaa,pakai
dipakep,dipake
dipegangharga,di pegang harga
dipemakaian,pakai
diperhatiin,perhatikan
dipijet,di pijat
dipke,dipakai
diracunin,diracuni
diraguin,diragukan
dirasain,dirasakan
diratain,rata
direcomended,rekomendasi
direkomen,rekomendasi
direkomendasiin,rekomendasi
direkomendasin,rekomendasi
direview,review
dirty,jorok
disapointed,kecewa
disaranin,saran
disarinin,saran
disemprotin,semprot
disimpen,disimpan
disko,diskon
disodorin,sodor
display,pakai
dispray,semprot
ditambahin,tambah
ditangan,tangan
ditanyain,tanya
ditelateni,rutin
ditempelin,tempel
ditemplokin,tempel
ditemuin,temui
ditemuinnya,temui
ditetesin,tetes
ditolerir,toleransi
ditunguin,tunggu
diusapin,di usap
diwajahku,wajah
diyoutube,youtube
djidat,di jidat
dkit,sedikit
dkt,dekat
dlm,dalam
dlu,dulu
dobel,double
doble,double
doenst,doesnt
doesn,doesnt
doesnst,doesnt
doesnt,tidak
dont,tidak
doubel,double
doubt,ragu
doyan,suka
dpakai,dipakai
dpencet,pencet
dpt,dapat
dri,dari
drpada, dari pada
drpada,dari pada
drpd,dari pada
dry,kering
drying,kering
easily,mudah
easy,mudah
efect,efek
efectnya,efek
efekanti,efek
efekk,efek
efekny,efek
efeknya,efek
efeknyaa,efek
efektifitas,efektif
efektivitas,efektif
efektivitasnya,efektif
effect,efek
effective,efektif
effectnnya,efek
effectnya,efek
effort,upaya
effort,usaha
effortless,tanpa usaha
egak,tidak
ehtapi,tapi
eksfoilasi,eksfoliasi
eksfoliate,eksfoliasi
eksfoliating,eksfoliasi
eksfoliator,eksfoliasi
ekspetasi,ekspektasi
ekstrak,ekstra
eman,memang
emang,memang
emangg,memang
emanggaku,memang aku
emank,memang
emg,memang
emng,memang
empty,kosong
enaak,enak
enakeun,enak
enakk,enak
enakuun,enak
endap,end
ending,end
enga,tidak
engak,tidak
engga,tidak
enggaak,tidak
enggak,tidak
engganya,tidak
enteng,gampang
enteng,ringan
entengnya,gampang
ering,kering
ering,sering
error,eror
esence,essence
esok,besok
essance,essence
essens,essence
essense,essence
essential,essence
ethanol,etanol
ethanolnya,ethanol
everr,ever
excited,semangat
exflo,eksfoliasi
exfo,eksfoliasi
exfol,eksfoliasi
exfolian,eksfoliasi
exfoliant,eksfoliasi
exfolianting,eksfoliasi
exfoliasi,eksfoliasi
exfoliasian,eksfoliasi
exfoliasinya,eksfoliasi
exfoliate,eksfoliasi
exfoliater,eksfoliasi
exfoliating,eksfoliasi
exfoliatingnya,eksfoliasi
exfoliatinh,eksfoliasi
exfoliation,eksfoliasi
exfoliator,eksfoliasi
exfotoner,eksfoliasi
exofoliate,eksfoliasi
exp,kadaluarsa
expect,ekspektasi
expectation,ekspektasi
experience,pengalaman
experienced,pengalaman
experiences,pengalaman
expire,kadaluarsa
expired,kadaluarsa
explore,cari
extra,ekstra
extract,ekstra
extractatau,ekstra
ezxited,exited
face,wajah
facewash,face wash
facewashnya,face wash
facewashnya,facewash
facial,facewash
facialwash,facewash
fake,palsu
faporit,favorit
fash,wash
fashwash,facewash
fasial,facewash
fav,favorit
fave,favorit
favo,favorit
favorit,favorit
favorite,favorit
favoriteeku,favorit
favoriteku,favorit
favoritku,favorit ku
favorito,favorit
favoritt,favorit
fel,feel
felsnya,feel
fighter,pejuang
fininshingnya,hasil
finishednya,hasil akhir
finishing,hasil akhir
finishingnya,hasil akhir
finishny,hasil
finishnya,hasil akhir
first,awal
firstly,awal
flacky,bersisik
flaky,bersisik
flawless,sempurna
foam,busa
foaming,busa
foamnya,busa
foamy,busa
forever,selalu
formulasi,formula
fot,for
found,ketemu
fragance,parfum
fragerance,parfum
fragnance,parfum
fragrance,parfum
fragranced,parfum
fragrancenya,parfum
fragrant,parfum
frak,aneh
freak,aneh
freakin,freak
fregerance,parfum
fregrance,parfum
fregrants,parfum
fresh,segar
freshnnya,segar
frustrasi,frustasi
full,penuh
fullnya,penuh
fullsize,ukuran besar
fully,penuh
fulsize,ukuran penuh
fungal acne,jerawat
fwash,facewash
fwnya,facial wash
ga,tidak
gaa,tidak
gaad,tidak ada
gaada,tidak ada
gabaca,tidak baca
gabagus,tidak bagus
gabakal,tidak akan
gabawa,tidak bawa
gabbisa,tidak bisa
gabegitu,tidak seperti itu
gaberani,tidak berani
gaberasa,tidak rasa
gabermasalah,tidak masalah
gabijin,tidak buat
gabikin,tidak buat
gabileh,tidak boleh
gabisa,tidak bisa
gabole,tidak boleh
gaboleh,tidak boleh
gaboros,tidak boros
gabsa,tidak bisa
gabuat,tidak buat
gacocok,tidak cocok
gada,tidak ada
gadibolehin,tidak boleh
gadipake,tidak di pakai
gadisarankan,tidak sarankan
gadulu,tidak dulu
gaenak,tidak enak
gagitu,tidak gitu
gahabis,tidak habis
gaheran,tidak heran
gahilang,tidak hilang
gailang,tidak hilang
gajadi,tidak jadi
gajelas,tidak jelas
gak,tidak
gakalah,tidak kalah
gakan,tidak akan
gakcocok,tidak cocok
gakepake,tidak terpakai
gakering,tidak kering
gakmau,tidak mau
gaktau,tidak tau
gakuat,tidak kuat
galama,tidak lama
galengket,tidak lengket
galus,halus
gama,sama
gamasalah,tidak masalah
gamau,tidak mau
gamengganggu,game ganggu
gamoang,gampang
ganeko,tidak neko
ganemu,tidak ketemu
gangelembabin,tidak lembap
gangerti,tidak paham
gangu,ganggu
ganpang,gampang
gantiin,ganti
gantin,ganti
gantle,gentle
ganyaman,tidak nyaman
ganyampe,tidak sampai
ganyerep,tidak serap
gapaham,tidak paham
gapakai,tidak pakai
gapake,tidak pakai
gapanas,tidak panas
gapapalah,gapapa
gaparah,tidak parah
gaperih,tidak perih 
gaperlu,tidak perlu
gaperna,tidak pernah
gapernah,tidak pernah
gapunya,tidak punya
garagara,karena
garecomed,tidak rekomendasi
garn,garnier
garni,garnier
garniee,garnier
garniernya,garnier
gasabar,tidak sabar
gasabaran,tidak sabar
gasakitt,tidak sakit
gasalah,tidak salah
gasamsek,tidak sama sekali
gasering,tidak sering
gasii,tidak sih
gasiih,tidak sih
gasuka,tidak suka
gasukak,tidak suka
gatahan,tidak tahan
gatakut,tidak takut
gatau,tidak tau
gataunya,tidak tau
gatausih,tidak tau
gatauu,tidak tau
gatel,gatal
gatell,gatal
gatelnya,gatal
gaterlalu,tidak terlalu
gausa,tidak perlu
gausah,tidak usah
gaush,tidak perlu
gayakin,tidak yakin
gda,tidak ada
gede,besar
gedee,besar
gedein,besar
gegara,karena
gelnya,gel
gemess,gemas
gempesin,kempes
gentel,gentle
gentlenya,gentle
gerakin,gerak
gilak,gila
gilirang,giliran
gimana,bagaimana
gimanaa,gimana
gjdi,tidak jadi
gk,tidak
glad,senang
glow,bersinar
glowdown,bersinar
glowing,bersinar
glowingnya,glowing
glowingnyaa,bersinar
glowup,bersinar
glowy,bersinar
gmapang,gampang
gmn,bagaimana
gmna,gimana
gmpang,gampang
gnti,ganti
gokil,keren
gokill,keren
gokyujun,gokujyun
gonta,ganti
good,bagus
goodjob,bagus
gpernah,tidak pernah
gprnh,tidak pernah
grailku,grail
grandakan,gradakan
greasy,berminyak
great,bagus
grgr,karena
gsk,gosok
gt,begitu
gtau,tidak tau
gtu,gitu
guede,besar
gunain,guna
habisin,habis
habiss,habis
hada,hadalabo
haluss,halus
haluus,halus
handalan,andal
hangatnyah,hangat
happy,senang
hapusnyaa,hapus
hapy,senang
hard,keras
harganga,harga
hargany,harga
harganyaa,harga
harii,hari
harmless,tidak berbahaya
harnganya,harga
harsh,keras
harumm,harus
harusberhenti,harus berhenti
haruss,harus
hasilnyaa,hasil
haslnya,hasil
hate,benci
hbis,habis
hbs,habis
healing,penyembuhan
health,sehat
healthier,lebih sehat
healthy,sehat
heavily,berat
heavy,berat
help,tolong
helpful,bermanfaat
helpfull,membantu
hempasin,hempas
henbodi,hand body
hentin,henti
hesitant,ragu
hidrating,hidrasi
hidration,hidrasi
high,tinggi
highly,sangat
higienis,higenis
hilangain,hilang
hilangin,hilang
hinga,hingga
hjrawat,jerawat
hlng,hilang
hmpir,hampir
hmpr,hampir
hollu,holly
hollu,holygrail
holly,holygrail
holy,holly
holy,holygrail
honest,jujur
honestly,jujur
hope,berharap
hopeless,putus asa
hormonal,hormon
hps,hapus
hrg,harga
hrga,harga
hrganya,harga
hri,hati
hrs,harus
hrus,harus
hrusnya,harus
hsil,hasil
hsilnya,hasilnya
hyaluron,hyaluronic
hyaman,nyaman
hydating,hidrasi
hydra,hidrasi
hydrate,hidrasi
hydrated,hidrasi
hydrating,hidrasi 
hydratingnya,hidrasi
hydration,hidrasi
hype,populer
hypenya,populer
idmaret,indomaret
idung,hidung
idungg,hidung
idungku,hidung
igredients,komposisi
iklanya,iklan
ilang,hilang
ilangan,hilang
ilangg,hilang
ilangin,hilang
ilangnya,hilang
iloveit,suka
imbangin,imbang
impact,dampak
imperssion,dorong
important,penting
impresion,dorong
impression,dorong
impressionnya,dorong
improvement,perbaikan
indomar,indomaret
indomarett,indomaret
indomart,indomaret
indomrt,indomaret
inflamasidan,inflamasi dan
inget,ingat
inggredients,komposisi
inggredientsnya,komposisi
ingin,mau
ingredient,komposisi
ingredients,komposisi
ingredientsnya,ingredients
ingredientsnya,komposisi
ingridients,komposisi
ingrrdients,komposisi
inii,ini
inintoner,toner
instant,instan
iritated,iritasi
irritate,iritasi
isengg,iseng
isih,isi
isinyaa,isi
item,hitam
itungannya,itungan
jadiautoglowing,jadi auto glowing
jadin,jadi
jalus,halus
janjiin,janji
jarnya,jar
jarr,jar
jatoh,jatuh
jatohnya,jatuhnya
jawat,gawat
jdi,jadi
jdinya,jadinya
jdnya,jadinya
jelasinnya,jelasi
jepangs,jepang
jerawa,jerawat
jerawataan,jerawat
jerawatan,jerawat
jerawatankan,jerawat
jerawatanpdhl,jerawatan padahal
jerawaten,jerawat
jerawatgede,jerawat besar
jerawatku,jerawat ku
jerawatnyaa,jerawat
jerawatpadahal,jerawat padahal
jerawatt,jerawat
jerawt,jerawat
jerewat,jerawat
jerewi,jerawat
jerewong,jerawat
jerewy,jerawat
jeriwi,jerawat
jerwatan,jerawat
jerwi,jerawat
jerwt,jerawat
jg,juga
jga,juga
jgn,jangan
jidaat,jidat
jidatt,jidat
jiwit,jerawat
jjadi,jadi
jkt,jakarta
jni,ini
jrawat,jerawat
jrawatan,jerawat
jrawatku,jerawat
jrg,jarang
jrwat,jerawat
jrwatan,jerawat
jrwt,jerawat
jrwtn,jerawat
jsdi,jadi
jualin,jual
jugaa,juga
jugadi,juga di
jugak,juga
jugga,juga
juha,juga
jujurly,jujur
jujurr,jujur
jujyur,jujur
jwbnnya,jawaban
jwrwat,jerawat
kacaw,kacau
kadangg,kadang
kadarnnya,kadar
kadi,jadi
kadsng,kadang
kaga,tidak
kai,hai
kalaupun,kalau
kaliann,kalian
kalie,kali
kall,kali
kalo,kalau
kalopun,kalau pun
kalyan,kalian
kandunganya,kandungan
kantonh,kantong
kapaa,kapas
kardusny,kardus
karema,karena
karen,keren
karenaa,karena
karene,karena
karn,karena
karna,karena
karrna,karena
kasat,kasar
kasi,kasih
katergori,kategori
kaya,kayak
kayaa,kayak
kayanyaa,kayak
kdang,kadang
kdg,kadang
kdng,kadang
keangkat,angkat
keangkatt,angkat
kebel,kebal
kebeli,beli
kebeneran,benar
kece,keren
keceng,kencang
keciill,kecil
kecik,kecil
kecilin,kecil
kecill,kecil
kecintaankuu,cinta
kecintaanrepurchase,cinta repurchase
kecintan,favorit
kecintanku,suka
kegt,kek gitu
keingetan,ingat
kejap,sekejap
kelaan,kelamaan
kelebihanya,kelebihan
kelembaban,lembap
kelembabannya,lembap
keliataa,liat
kelihatan,lihat
kelopek,kopek
kemanamana,mana
kemaren,kemarin
kembab,lembab
kembaliin,kembali
kembaliipernah,kembali pernah
kemerahaan,merah
kempesin,kempes
kempisin,kempes
kemuka,wajah
kemukaa,ke wajah
ken,kena
kenceng,kencang
kenlain,ke lain
kenpa,kenapa
kenpaa,kenapa
kenpes,kempes
kentel,kental
kenyall,kenyal
kenyel,kenyal
kepake,kepakai
kepake,pakai
kepepet,mendesak
keracuna,keracunan
keracunin,keracunan
kerasa,terasa
kerasanya,terasa
kerasanyaa,terasa
kerinb,kering
keringet,keringat
keringetan,keringat
keringg,kering
keringkalo,kering kalau
kerring,kering
kerung,kering
kesanya,kesan
kesed,keset
keset,kesat
ketangkep,ketangkap
ketarikk,ketarik
ketarikk,tarik
ketarikktpi,ketarik tapi
ketariktpi,ketarik tapi
ketarikuntuk,tarik 
ketidakcocokan,tidak cocok
ketii,ketiak
ketingat,keringat
kevewa,kecewa
keyel,kenyal
kicil,kecil
kilit,kulit
kinclong,bersih
kit,kita
kitaa,kita
kitnya,kita
kkn,karena
kkulit,kulit
kl,kalau
klaimnya,klaim
klaimnyano,klaim
klau,kalau
klebihanya,kelebihan
kli,kali
klian,kalian
kliatan,keliatan
klo,kalau
klok,kalau
klop,cocok
kluarga,keluarga
klw,kalau
kmpes,kempes
kmren,kemarin
kmrn,kemarin
knapa,kenapa
kndungan,komposisi
knp,kenapa
knpa,kenapa
kombi,kombinasi
kombin,kombinasi
kombinas,kombinasi
komeda,komedo
komedi,komedo
komedoan,komedo
komedoku,komedo
komedoku,komedo ku
komedonegic,komedogenic
komedonya,komedo
komedos,komedo
kompresin,kompres
kompress,kompres
konsentratnya,konsentrasi
konsul,konsultasi
kopek,kelupas
kotorann,kotoran
kotoranya,kotoran
kottoran,kotoran
krena,karena
krg,kurang
krn,karena
krna,karena
ksh,kasih
ksini,kesini
ktanya,kata
kuakubilang,bilang
kualitass,kualitas
kuapitas,kualitas
kucek,kucel
kucoba,ku coba
kuinget,ku ingat
kujadiin,jadikan
kujadin,jadi
kukasi,kasih
kukit,kulit
kukitku,kulit ku
kukiy,kulit
kuliat,ku lihat
kuliit,kulit
kulis,kulit
kulita,kulit
kulitku,kulit ku
kulitkuu,kulit
kulitnnya,kulit
kulitnyaa,kulit
kulitt,kulit
kulkkas,kulkas
kult,kulit
kulti,kulit
kulut,kulit
kumandan,kuman dan
kuntji,kunci
kupakai,ku pakai
kupake,ku pakai
kurangg,kurang
kurangin,kurang
kurasain,kurasa
kurcok,kurang cocok
kurekomendasikanuntuk,ku rekomendasikan untuk
kureng,kurang
kurleb,kurang lebih
kurusak,rusak
kusamm,kusam
kusaranin,ku saran
kusem,kusam
kusimpulin,kusimpul
kustop,ku berhenti
kusukaa,suka
kuterusin,kuterusi
kutolerin,kutoleransi
kw,palsu
kwajah,wajah
kwnya,palsu
kya,kayak
kyk,kayak
kyknya,kayaknya
kyny,kayaknya
lainn,lain
lakuu,laku
lamaa,lama
langanan,langganan
langananku,langganan
langgan,langganan
langsoongg,langsung
langsubg,langsung
langsung,langsung
langsungg,langsung
langsunh,langsung
langusng,langsung
lanjur,lanjut
lanjutannya,lanjutannya
lanjutin,lanjut
lansung,langsung
large,besar
laun,lain
layer,lapis
layering,lapis
layernya,lapisnya
layers,lapis
lbh,lebih
lbih,lebih
least,sedikit
leave,tinggal
leaving,tinggal
lebab,lebay
lebay,heboh
lebh,lebih
lebhih,lebih
lebi,lebih
lebib,lebih
lebihh,lebih
lembab,lembap
lembabb,lembap
lembabin,lembap
lembabinya,lembap
lembabkan,lembap
lembabnya,lembap
lembam,lembap
lembapin,lembap
lembapp,lembap
lembutt,lembut
lembuut,lembut
lengkett,lengket
less,kurang
leyer,lapis
lg,lagi
lgi,lagi
lgs,langsung
lgsg,langsung
lgsng,langsung
liat,lihat
lici,licin
licinn,licin
lighteningnya,cerah
lightweight,ringan
lindungin,lindung
liquidnya,liquid
liquidy,liquid
lngnsg,langsung
lngsung,langsung
local,lokal
lomedo,komedo
lopek,kopek
lopek,suka
lost,hilang
love,suka
lovee,suka
lovely,suka
loves,suka
loving,suka
lsg,langsung
luamyan,lumayan
lucuu,lucu
lumanyan,lumayan
lumaya,lumayan
lumayann,lumayan
lunturin,luntur
lupain,lupa
luv,suka
luvv,suka
macem,macam
maf,maaf
mager,malas
mah
makaa,maka
makai,pakai
makainya,pakai
makanya,maka
makasii,terimakasih
make,pakai
makein,pakai
makeinya,ppakai
makek,pakai
makeknya,pakai
makenya,pakai
makes,pakai
makeuo,makeup
makeupku,makeup
makeupnya,makeup
makeupnyaa,makeup
makin,semakin
makin,semkain
malaah,malah
malab,malah
malahh,malah
malamku,malam ku
malem,malam
malemku,malam
malemnya,malam
males,malas
mananyaa,mana
manapun,mana
mancerahkan,cerah
mandiku,mandi ku
maney,money
manfat,manfaat
manfatnya,manfaat
manggung,panggung
mangtap,mantap
manjur,ampuh
mantab,mantap
mantapp,mantap
manteb,mantap
mantep,mantap
mantepp,mantap
manteup,mantap
mantul,mantap
mantuliti,mantap
mantulity,mantap
mantullity,mantap
mantuul,mantap
markotop,mantap
masalahin,masalah
masanya,masa
mascara,maskara
mascaraa,maskara
masi,masih
masiih,masih
mask,masker
maskaranya,maskara
maskeran,masker
maskernya,masker
maskerr,masker
maskne,mask
matahrinya,matahari
matanya,mata
matap,mantap
mateng,matang
matengnya,matang
matiny,mati
maunya,mau
mawarnya,mawar
mayan,lumayan
mayann,lumayan
mbantu,bantu
mbekas,bekas
mcm,macam
mebandel,bandal
mecncerahkan,cerah
mediaa,media
megang,pegang
mehong,mahal
melambabkan,lembap
melebabkan,lembap
melembabkan,lembap
melembabkann,lembap
melembabkannya,lembap
melembabkanya,lembap
melembablan,lembap
melimpaah,limpah
memakai,pakai
memangkat,angkat
membandel,bandal
membersihan,bersih
membersihka,bersih
membersihkannya,bersih
membersihkanya,bersih
membersihkn,bersih
membersikan,bersih
membesar,besar
membuatku,buat
membutuhkann,membutuhkan
memcerahkan,mencerahkan
memgangkat,angkat
memghaluskan,halus
memilikiingredientsyang,memiliki ingredients yang
meminimalisir,minim
memng,memang
mempan,ampuh
memutuskna,memutuskan
menangung,tanggung
mencarii,mencari
mencerahin,cerah
mencerahkankulit,mencerahkan kulit
mencerahkanya,cerah
mencerahlan,cerah
mendem,endap
mendinganakhirnya,mendingan akhirnya
menenagkan,tenang
mengandungprocucumis,mengandung procucumis
mengangakat,angkat
menganggu,ganggu
mengangkat,angkat
mengangu,ganggu
mengankat,angkat
mengcalmingkan,tenang
mengerti,paham
mengexfoliasi,mengeksfoliasi
menggangu,mengganggu
menghilankan,menghilangkan
menghydrating,lembap
mengidrasinya,hidrasi
menglihat,lihat
mengunakan,menggunakan
mengurangin,kurang
meningalkan,tingga
menurutkuu,menurut
menyangat,menyengat
menyeraapp,serap
merahanya,merah
merahin,merah
merahmerah,merah
merahny,merah
merasakan,merasa
merek,merk
merekomendasikan,rekomendasi
meresaap,resap
meresapnya,resap
meresapp,resap
merhatikan,perhatikan
meski,meskipun
meskilun,meskipun
methylparaben,methyl paraben
meyakinkan,yakin
mgkin,mungkin
mgkn,mungkin
micaller,micellar
miccelar,micellar
micelar,micellar
micell,micellar
micellair,micellar
micellarini,micellar
micellarnya,micellar
micellarwater,micellar water
micellat,micellar
micellaw,micellar
micellear,micellar
micelles,micellar
micerall,micellar
michelar,micellar
mikin,semakin
mikir,pikir
mikirin,pikir
mikirnya,pikir
milih,pilih
milknya,milk
mincellar,micellar
minesnya,minus
minggubsudah,minggu sudah
mingu,minggu
minim,sedikit
minimal,minim
minimalis,minim
minimalistic,minim
mintnya,mint
mintt,mint
minumarket,minimarket
minumin,minum
minyakan,minya
miracoulus,miracle
mirculos,miracle
miscellar,micellar
miseler,micellar
mivellar,micellar
mke,pakai
mksie,makasih
mlh,pilih
mlm,malam
mmg,memang
mncul,muncul
mngkin,mungkin
mngkn,mungkin
mnrtku,menurutku
mnrut,menurut
mnrutku,menurut ku
mnurut,menurut
mnurutku,menurut ku
moga,semoga
moist,lembut
moistourizing,pelembab
moistuizer,pelembab
moisture,mosturizer
moisturize,moisturizer
moisturized,pelembab
moisturizer,pelembab
moisturizernya,mosturizer
moisturizes,pelembab
moisturizing,mosturizer
moisurizing,pelembab
moiturizing,pelembab
monanges,mau nangis
mosturizer,moisturizer
move,pindah
mrasa,terasa
mrnutku,menurut ku
msh,masih
msih,masih
msk,masker
mslh,masalah
muas,puas
muasi,puas
mudaah,mudah
mudah,mudah
mudar,pudar
mudarin,pudar
mueah,mudah
muka,wajah
mukaa,wajah
mukak,wajah
mukakkuta,wajah kita
mukaku,wajah kita
mukamu,wajah mu
mukanya,wajah
mulau,mulai
multifunction,multifungsi
multifungsi,banyak fungsi
multifungsibangetbsdipake,multifungsi banget bisa di pakai
mulusan,mulus
muluss,mulus
mumer,murah meriah
munculi,muncul
munculin,muncul
muncull,muncul
mungil,kecil
muraah,murah
muraahh,murah
murah,murah
murahjuga,murah juga
murce,murah
murcee,murah
murcek,murah
murmer,murah
mursidangangkat,mursida angkat
musti,harus
muter,putar
mutih,mencerahkan
mutih,putih
mutihin,putih
mutihinn,putih
mutusin,putusi
mwnghidrasi,hidrasi
nackal,nakal
nahan,tahan
naicinemide,niacinamide
naikin,naik
nambah,tambah
nambahin,tambah
nampak,tampak
nampol,ampuh
nampolnya,mantap
nangani,tangani
nangis,tangis
nanya,tanya
narik,tarik
narikk,tarik
naroh,taruh
naruh,taruh
nbahan,bahan
ndak,tidak
ndeskripsiinnya,deskripsi
necessities,kebutuhan
need,butuh
negative,negatif
negbuat,buat
neko,aneh
nelembabkan,lembap
nemenin,temani
nemh,ketemu
nempel,tempel
nemu,ketemu
nemuin,temui
nemulah,ketemu
nenangin,tenang
nenaningin,tenang
nendang,tendang
nengok,lihat
nerima,terima
neutral,netral
never,tidak pernah
nga,tidak
ngaa,tidak
ngabisin,habis
ngadain,ada
ngagangu,ganggu
ngaggur,menganggur
ngak,tidak
ngalamin,alamin
ngalemin,alamin
ngalusin,halus
ngambek,merajuk
ngambil,ambil
ngandelin,andal
ngangaruh,pengaruh
ngangepnya,anggap
nganggur,menganggur
ngangkag,angkat
ngangkat,angkat
ngangkatnya,angkat
ngangkrak,angkat
ngankat,angkat
ngapus,hapus
ngapusin,hapus
ngarep,harap
ngarepin,harap
ngaruh,pengaruh
ngaruhh,pengaruh
ngaruhnya,pengaruh
ngasal,asal
ngasi,kasih
ngasih,kasih
ngasik,asik
ngatasi,atasin
ngatasiin,atasin
ngatasin,atasin
ngbaurinya,diblend
ngbersihan,bersih
ngcalming,tenang
ngeaplikasikan,pakai
ngeaply,pakai
ngebahayain,bahaya
ngebalance,seimbang
ngebantu,bantu
ngebaunya,baunya
ngeberishin,bersih
ngebersihiin,bersih
ngebersihin,bersih
ngebersihinn,bersih
ngebersihinnya,bersihin
ngebersihinya,bersihkan
ngebersiin,bersih
ngebersinya,bersih
ngebikin,buat
ngebilasnya,basuh
ngebingungin,bingung
ngebland,blend
ngeblend,pakai
ngebuat,buat
ngecalming,tenang
ngecek,minta
ngecewain,kecewa
ngecil,kecil
ngecilin,kecil
ngecover,cover
ngecrack,pecah
ngefavoritin,favorit
ngefek,efek
ngeganggu,ganggu
ngegangu,ganggu
ngeganjal,ganjal
ngegeser,geser
ngehalusin,halus
ngehapus,hapus
ngehidrasi,hidrasi
ngehilangin,hilang
ngehydrate,hidrasi
ngejadiin,jadi
ngejaga,jaga
ngekontrol,kontrol
ngelclaim,klaim
ngelembab,lembap
ngelembabin,lembap
ngelembapin,lembap
ngelembapinn,lembap
ngelembapinnya,lembap
ngelembutin,lembut
ngelengkapin,lengkap
ngeliat,lihat
ngeliatnya,lihat
ngelindungi,lindung
ngelindungin,lindung
ngelopek,kelupas
ngeluarin,keluar
ngelupas,kelupas
ngelus,elus
ngembaliin,kembali
ngemoist,lembap
ngempesi,kempes
ngempesih,kempes
ngempesin,kempes
ngenalin,kenal
ngeracunin,racun
ngeraguin,ragu
ngerasa,merasa
ngerasain,rasa
ngerasakan,rasa
ngerasanya,rasa
ngeratain,rata
ngeratainya,rata
ngerawat,rawat
ngerecomend,rekomendasi
ngeredain,reda
ngereduce,terserap
ngerekomendasiin,rekomendasi
ngerekomendasin,rekomendasi
ngeresap,resap
ngeresep,resap
ngeresepnya,resap
ngereview,review
ngereviewnya,review
ngering,kering
ngeringanin,ringan
ngeringin,kering
ngeringnya,kering
ngerti,mengerti
ngerubah,ubah
ngerusak,rusak
ngeskip,skip
ngestuck,stuck
ngg,tidak
ngga,tidak
nggaa,tidak
nggaada,tidak ada
nggak,tidak
nggaknya,tidak
ngganggu,ganggu
nggk,tidak
nggknya,tidak nya
ngikut,ikut
ngilangin,hilang
ngimbangin,imbangi
ngincer,incar
ngincip,cicip
nginep,nginap
ngingetin,inget
ngira,kira
ngirangin,kurangi
ngitung,hitung
ngk,tidak
nglatih,melatih
nglembabin,lembap
ngomong,omong
ngomongin,omong
ngomongnya,omongan
ngompres,kompres
ngompresnya,kompres
ngontrol,kontrol
ngrasa,merasa
ngrekomendasin,rekomendasi
ngubah,ubah
ngulang,ulang
nguncinya,kunci
ngurangi,kurangi
ngurangin,kurangi
ngusapnya,usap
niaciamide,niacinamide
niacin,niacinamide
niacinamd,niacinamide
niacinamednya,niacinamide
niacinamidenya,niacinamide
niatan,niat
niatnya,niat
niisepertinya,sepertinya
nimbul,timbul
nimbulan,timbul
nimbulin,timbul
nimbulun,timbul
ninbulin,timbul
ningalin,tingal
ninggalin,tinggal
nmbah,tambah
nnti,nanti
no,tidak
nolong,tolong
nolongin,tolong
non,tidak
nongol,muncul
not,tidak
nourishing,nourish
nuangin,tuang
numbuh,tumbuh
numbuhin,tumbuh
numpuk,tumpuk
numpukin,tumpuk
nunda,tunda
nunggu,tunggu
nunggunya,tunggu
nungu,tunggu
nutrition,nutrisi
nyaa,nya
nyabunin,sabun
nyadar,sadar
nyalahin,salah
nyam,nyaman
nyamaan,nyaman
nyamaann,nyaman
nyamann,nyaman
nyamannya,nyaman
nyamarin,samar
nyampe,sampai
nyangka,sangka
nyaranin,saran
nyari,cari
nyarinya,cari
nyaris,hampir
nyebabin,sebab
nyebelin,kesal
nyebut,sebut
nyegat,cegat
nyegerin,segar
nyegering,segar
nyelametin,selamat
nyelekit,cekit
nyembuhin,sembuh
nyembuhkan,sembuh
nyengat,sengat
nyerah,menyerah
nyerahin,cerah
nyerap,serap
nyerapnya,serap
nyerep,serap
nyerepnya,serap
nyesal,menyesal
nyeseel,nyesal
nyesek,sesak
nyesel,sesal
nyesell,sesal
nyesuain,sesuai
nyetok,stok
nyiptain,ciptain
nyium,cium
nyiumnya,cium
nyoba,coba
nyobaa,coba
nyobain,coba
nyobak,coba
nyobalah,coba
nyobalahb,coba
nyobaproduk,coba produk
nyuci,cuci
nyumbat,sumbat
nyuruh,suruh
nyut,cekit
oakai,pakai
oake,pakai
oil,oily
oilnya,oily
okelah,oke
okelahh,oke
oles,pakai
omegad,wow
omicellar,micellar
omigot,wow
org,orang
organic,organik
ori,original
orisinal,original
orng,orang
package,packing
packaging,kemasan
packagingnya,kemasan
packed,kemasan
padalah,padahal
padet,padat
pakaii,pakai
pakaiin,pakai
pakaiinnya,pakai
pakaikanya,pakai
pakainya,pakai
pakan,pakai
pake,pakai
pakee,pakai
pakei,pakai
pakein,pakai
pakek,pakai
pakeknya,pakai
pakenya,pakai
pakepembersih,pakai pembersih
para,parah
paraah,parah
parabennya,paraben
paraen,paraben
parahdong,parah dong
parahh,parah
parfume,parfum
parfumenya,parfum
parfumenyaa,parfum
parfumnya,parfum
pasirr,pasir
pastiin,pasti
pastinyaa,pastinya
patches,tambalan
patchnya,tambalan
patchy,tambalan
pda,pada
pdahal,padahal
pdhal,padahal
pdhl,padahal
pearl,mutiara
pearly,mutiara
pedes,pedas
pedess,pedas
peelingnya,peeling
pelembab,lembap
pemaiakan,pemakaian
pemakaian,pakai
pemakaiannya,pakai
pemakaiany,pakai
pemakaianya,pemakaian
pemakian,pemakaian
pemakiannya,pemakaian
pembersi,bersih
pencoba,mau coba
pengalamanku,pengalaman
pengen,mau
pengenn,mau
penggunaanya,penggunaan
pengn,pengen
penguna,penggunaan
pengunan,penggunaan
pengunanya,penggunaan
penolongku,penolong
pentingg,penting
penyelamatku,penyelamat
peoduknya,produknya
perah,parah
percay,percaya
percentage,persentasi
peredangan,peradangan
perfect,sempurna
perfectly,sempurna
performance,performa
performanya,performa
perfume,parfum
perfumed,parfum
perhati,perhatiin
perhatiin,perhati
perhatin,perhatiin
periih,perih
permanent,permanen
perna,pernah
pernahga,pernah tidak
persen,persentasi
persentase,persentasi
persentasenya,persentasi
perskincare,skincare
perskincarean,skincare
person,personal
personali,personal
personally,personal
pertama,awalnya
pertamakali,pertama
pertamanta,pertamanya
pertana,pertama
pertumbuhanya,pertumbuhan
perubahanya,perubahan
pesen,pesan
pgn,mau
phnya,ph
pikirku,pikir
pingin,mau
pinktapi,pink tapi
pinter,pintar
pkai,pakai
pke,pakai
pkknya,pokok
pkoknya,pokok
plastic,plastik
plg,paling
plump,kenyal
plumpy,plump
plusnya,plus
pluss,plus
pnting,penting
pny,punya
pnya,punya
poko,pokok
pokokmya,pokok
pokoknya,pokok
pokoknyaa,pokok
pokonya,pokoknya
pokonyaa,pokok
polusyong,polusi
pond,ponds
pondsindonesia,ponds indonesia
pondsvitaminmicellarwater,ponds vitamin micellar water
pore,pori
poriku,pori
positifnya,positif
positive,positif
positivenya,positif
powernya,power
prefer,lebih
prelove,bekas
preloved,bekas
prevent,mencegah
prever,lebih
prhatiin,perhatiin
price,harga
pricey,mahal
pricing,mahal
pricy,mahal
pridukuknya,produk
prloved,bekas
prna,pernah
prnh,pernah
prob,masalah
problem,masalah
process,proses
prodak,produk
producing,produk
product,produk
productnya,produk
products,produk
produknha,produk
produknya,produk
produknyaa,produk
promosing,promosi
protect,lindung
protection,perlindungan
prtamaku,awal
prtm,awal
prtma,pertama
prtmaku,awal
pruduct,produk
psti,pasti
ptoduk,produk
puait,pahit
pumpnya,pump
pumpung,mumpung
pundah,pindah
punggu,punggung
pungu,punggung
pungung,punggung
punyaku,punya
purchase,repurchase
purdging,purging
purgin,purging
purgingnya,purging
putihh,putih
putihpun,putih
putusin,putus
pyukangyul,pyunkang yul
pyungkang,pyunkang yul
pyunkang,pyunkang yul
quality,kualitas
rame,ramai
randomnya,random
rangkain,rangkaian
rapett,rapat
rasai,rasa
rasain,rasa
rasany,rasa
rasanyaa,rasanya
ratain,rata
rate,nilai
reachable,terjangkau
reaksin,reaksi
really,benar
realy,benar
reaply,pakai ulang
reccomended,rekomendasi
recom,rekomendasi
recomded,rekomendasi
recomemded,rekomendasi
recomen,rekomendasi
recomend,rekomendasi
recomendasin,rekomendasi
recomended,rekomendasi
recomendet,rekomendasi
recomending,rekomendasi
recomeng,rekomendasi
recommanded,rekomendasi
recommend,rekomendasi
recommendasian,rekomendasi
recommendation,rekomendasi
recommended,rekomendasi
redaa,reda
redain,reda
rednes,merah
redness,kemerahan
rekom,rekomendasi
rekomeded,rekomendasi
rekomen,rekomendasi
rekomenadasi,rekomendasi
rekomend,rekomendasi
rekomendasiin,rekomendasi
rekomendasikan,rekomendasi
rekomendasin,rekomendasi
rekomendassi,rekomendasi
rekomended,rekomendasi
rekomenin,rekomendasi
rekomenn,rekomendasi
rekomnd,rekomendasi
remajaa,remaja
remajan,remaja
remember,ingat
removingmicelle,removing micellar
repcs,repurchase
repeat,ulang
repiew,review
repuchase,repurchase
repurcase,repurchase
repurch,repurchase
repurchased,repurchase
repurches,repurchase
repurchese,repurchase
residue,residu
result,hasil
resultnya,result
results,result
reviewer,review
reviewnya,review
reviewnyaa,review
ribet,susah
ribett,ribet
ribuu,ribu
rilex,rileks
ringaan,ringan
ringann,ringan
ringin,kering
ringin,ringan
ringkes,ringkas
rmh,rumah
rnier,garnier
rosenya,rose
roses,rose
rountine,rutin
routine,rutin
rumahku,rumah
rusa,rusak
rutinin,rutin
rviewnya,review
sabaran,sabar
sabari,sabar
sabi,bisa
sabii,bisa
sabunface,sabun
sabunya,sabun
sad,sedih
sadly,sedih
safe,aman
saktu,waktu
salama,selama
samaa,sama
samahasilakhir,sama hasil akhir
sampaii,sampai
sampe,sampai
sampein,sampai
sampek,sampai
sangaat,sangat
sangathydrating,sangat hidrasi
sangatt,sangat
sanngat,sangat
sarang,saran
saranin,saran
sat,saat
satisfying,memuaskan
save,simpan
saver,simpan
sbagai,sebagai
sbelum,sebelum
sbg,sebagai
sblm,sebelum
sblmnya,sebelum
sbner,sebenarnya
sbnernya,sebenarnya
sbnrnya,sebenarnya
scars,bekas luka
scr,secara
scrubbing,scrub
scrubnya,scrub
sdh,sudah
sdikit,sedikit
search,cari
searching,cari
seaweednya,seaweed
sebelom,sebelum
sebenarny,benarnya
sebenere,sebenarnya
sebenernya,sebenarnya
sebium,sebum
sebucin,suka
sebun,sebum
secintaa,cinta
secintah,cinta
second,bekas
seconds,bekas
secret,rahasia
sedikitt,sedikit
sedikt,sedikit
sedirkit,sedikit
sedkit,sedikit
seengaknya,seenggaknya
segede,besar
segee,segar
segeer,segar
segeerr,segar
segemes,gemas
seger,segar
segeran,segar
segernya,segar
segerr,segar
segituu,segitu
seharo,sehari
sehatt,sehat
sehinga,sehingga
seholy,holygrail
seingetku,ingat
sekai,sekali
sekaipun,sekalipun
sekal,sekali
sekalii,sekali
sekarangg,sekarang
sekaranh,sekarang
sekering,kering
sekrang,sekarang
selalin,selain
seleyer,lapis
selingi,seling
selingin,seling
semacamnya,macam
semalem,semalam
semantul,mantap
sembuhin,sembuh
semingguan,seminggu
semingu,seminggu
semkain,semakin
sempet,sempat
semprotanya,semprot
semprotin,semprot
semsitif,sensitif
semster,semester
semuaa,semua
semuka,wajah
semukamuka,wajah
senarik,menarik
sendir,sendiri
seneng,senang
senengnya,senang
senerapa,seberapa
sengangkat,angkat
sengaruh,pengaruh
sengat,sangat
seninggu,seminggu
senkaa,senka
sensasicooling,sensasi dingin
sensasiperih,sensitif
sensi,sensitif
sensitian,sensitif
sensitifku,sensitif
sensitiif,sensitif
sensitiv,sensitif
sensitive,sensitif
seperta,seperti
sepertunya,sepertinya
sepupuku,sepupu
serangkaiannya,serangkai
serasa,berasa
seremm,seram
seriap,setiap
seriously,serius
seriusan,serius
serumnya,serum
serumnyaa,serum
setahunan,setahun
setalah,setelah
setaun,setahun
seteleah,setelah
seteleh,setelah
seudah,sesudah
seudah,sudah
shine,sinar
shining,bersinar
shope,shopee
significant,signifikan
sihdebest,terbaik
silicone,silikon
silky,halus
sillicone,silikon
simple,simpel
simpleku,simple
size,ukuran
sized,ukuran
sizenya,ukuran
skali,sekali
skarang,sekarang
skeptic,skeptis
skg,sekarang
skin,kulit
skinbarrier,skin barrier
skincarean,skincare
skincarenya,skincare
skincareran,skincare
skincarisma,skincare
skincate,skincare
skinker,skincare
skinkeran,skincare
skinse,kulit
skintypenya,skintype
skit,sakit
skitar,sekitar
skli,sekali
skrg,sekarang
skrgpun,sekarang 
skrng,sekarang
skrngpdhal,sekarang padahal
slalu,selalu
sleping,sleeping
slh,salah
sll,selalu
slsnya,sls
sm,sama
sma,sama
smaa,sama
smakin,semakin
small,kecil
smell,kecil
smenjak,semenjak
smg,semoga
smkn,semakin
smnjak,semenjak
smooth,lembut
smoth,lembut
smpai,sampai
smpe,sampai
smpek,sampai
smph,sumpah
smpsekarang,sampai sekarang
smpt,sempat
smua,semua
sngt,sangat
soale,soalnya
soalny,soalnya
soanya,soalnya
soft,lembut
soothing,tenang
sothing,menenangkan
sparkling,berkilau
special,spesial
specific,spesifik
speechless,kagum
sperti,seperti
spesialnya,spesial
spt,seperti
spti,seperti
spy,supaya
spya,supaya
sreg,suka
sring,sering
ssama,sama
ssticky,ticky
standard,standar
standardnya,standar
standrat,standar
stelah,setelah
stiap,setiap
stlah,setelah
stleh,setelah
stlh,setelah
sto,stok
stock,stok
stocknya,stok
stoknya,stok
stop,berhenti
stopin,berhenti
storenya,store
storng,kuat
stress,stres
strong,kuat
stronger,kuat
struggle,perjuangan
struggles,struggle
struggling,struggle
suangat,sangat
sudh,sudah
suk,suka
sukaa,suka
sukak,suka
sukakk,suka
sukan,suka
sukannya,suka
sukanya,suka
sukurnya,syukur
sulit,susah
sumpa,sumpah
sumpahh,sumpah
sumuk,panas
sun scren,sunscreen
sunacreen,sunscreen
suncren,sunscreen
sungkem,sujud
sunscrens,sunscreen
sunscrenya,sunscreen
superb,super
superr,super
surprisingly,heran
susahbhh,susah
suscren,sunscreen
suuper,super
swajah,wajah
syeger,segar
syok,kaget
syukurlah,syukur
syukurnya,syukur
taapi,tapi
tacky,norak
tahana,tahan
tajem,tajam
tak,tidak
takott,takut
tamago,tamagohada
tambahan,tambah
tambahin,tambah
tang,yang
tanganku,tangan ku
tangkep,tangkap
tap,tapi
tapiemang,tapi memang
tapii,tapi
tapu,tapi
tari,tarik
taro,taruh
tartaric,tertarik
tau,tahu
taun,tahu
tauu,tau
tbtb,tiba tiba
tdk,tidak
tdnya,tadi
tdr,tidur
tebel,tebal
teksture,tekstur
teksturenya,tekstur
teksturjya,tekstur
teksturmua,tekstur
teksturny,tekstur
teksturnya,tekstur
teksturnyapun,tekstur
teksturnyas,teksturnya
teksur,tekstur
teksurnya,tekstur
tektur,tekstur
tekture,tekstur
tekturnya,tekstur
tekupas,terkelupas
telaten,rutin
temanku,teman ku
templok,tempel
temsturnya,tekstur
temuin,temui
temuinnya,temui
temukan,temui
tenangin,tenang
tenting,tentang
tentung,penting
tentunyaa,tentunya
tenyataa,ternyata
teracun,racun
teracuni,racun
teratasii,teratasi
terbaguss,terbagus
terbaiks,terbaik
terbaiq,terbaik
terbanth,terbantu
tercucokk,mantap
terfavo,favorit
terfavorit,favorit
terfavv,favorit
tergangu,ganggu
tergentle,gentle
tergiur,tergoda
terhempass,terhempas
terhydrasi,terhidrasi
teringan,ringan
terkangkau,terjangkau
terkenan,terkenal
terkontrol,kontrol
terkturnya,tekstur
terlau,terlalu
termantul,mantap
ternayta,ternyata
ternyataa,ternyata
ternyta,ternyata
teroos,terus
terracuni,racun
tertampol,mantap
tertariklah,tertarik
tertingal,tinggal
terusan,terus
terusbener,terus benar
terusin,terus
teruss,terus
teruuss,terus
teskturnya,tekstur
tested,test
tetapkan,tetap
teteo,tetap
tetep,tetap
tetesin,tetes
textur,tekstur
texture,tekstur
textured,tekstur
texturenya,tekstur
texturnya,tekstur
tgn,tangan
thebest,terbaik
thicc,tebal
thick,tebal
thicky,tebal
thn,tahan
tiak,tidak
tight,ketat
tightening,ketat
till,hingga
time,waktu
tingal,tinggal
tingga,tinggal
tinggj,tinggi
tingi,tinggi
tipenya,tipe
tipi,tapi
tipical,tipe
tipikal,tipe
tipiss,tipis
tired,capek
tissue,tisu
tkt,takut
tkut,takut
tlatenin,rutin
tmbah,tambah
tmbl,timbul
tmn,teman
tmnku,teman
tnggi,tinggi
tnhks,terimakasih
tnyata,ternyata
tnyt,ternyata
toleran,toleransi
tolerir,toleransi
tonee,toner
tonerku,toner
tonernya,toner
tonernyaa,toner
tonerr,toner
toners,toner
toneryang,toner yang
tonic,tonik
tonicnya,tonik
tonner,toner
top,bagus
totally,total
totoli,totol
totolin,totol
tp,tapi
tpi,tapi
trasa,terasa
travelling,traveling
treealmost,tree almost
treenya,tree
treveling,traveling
tricky,sulit
trict,tricky
tried,coba
trlalu,terlalu
trlihar,terlihat
trmyta,ternyata
trnyata,ternyata
trnyataa,ternyata
trnyta,ternyata
trrnyata,ternyata
trs,terus
trsa,terasa
trtarik,tertarik
true,benar
trus,terus
try,coba
trying,coba
tryy,coba
ttep,tetap
ttg,tentang
ttp,tetap
tuebel,tebal
tuker,tukar
tulisanya,tulisannya
tunernya,toner
tungu,tunggu
tyda,tidak
tydack,tidak
type,tipe
typeku,tipe
typenya,tipe
types,tipe
uda,sudah
udaahh,sudah
udah,sudah
udahan,sudah
udahannya,sudah
udahgt,sudah gitu
udahh,sudah
udahlah,sudah
udahnya,sudah
udalama,sudah lama
udar,udara
udh,sudah
udha,sudah
uga,juga
ujungya,ujungnya
ukuarn,ukuran
ukurannya,ukuran
ukuranya,ukuran
ukurn,ukuran
umatt,umat
unexpected,tidak sangka
untk,untuk
untum,untuk
untunglah,untung
upa,upah
uras,urus
usahain,usaha
usapannya,usap
usapin,uspa
use,pakai
used,pakai
useles,tidak bermanfaat
using,pakai
utamanya,utama
utk,untuk
variannya,varian
variant,varian
varianta,varian
vaunya,baunya
veranya,vera
versiku,versi ku
version,versi
very,sangat
viralnya,viral
vit,vitamin
vivanyaa,viva
waanginya,wangi
wadnanya,warna
wagelasih,waw gila sih
wajaahnya,wajah
wajahaku,wajah aku
wajahh,wajah
wajahku,wajah ku
wajahpun,wajah pun
wajh,wajah
wajibb,wajib
walau,walaupun
walaupum,walaupun
walhasil,hasil
walopun,walaupun
wangian,wangi
wangii,wangi
wanginy,wangi
wanginya,wangi
wanginyaa,wangi
want,tidak
wants,tidak
water,air
waterku,water
waternya,air
waterpoof,waterproof
waterprof,waterproof
waterproff,waterproof
wewangian,wangi
white,putih
whitecastnya,whitecase
whitecastnya,whitecast
whitehead,komedo
whitelabbrighteningfacetoner,whitelab cerah wajah toner
with,dengan
without,tanpa
wkt,waktu
wktu,waktu
wlaupun,walaupun
wlopun,walaupun
wlpn,walaupun
won,tidak
wont,tidak
worh,work
work,bekerja
working,bekerja
worknya,bekerja
works,bekerja
works,work
wort,worth
worthit,worth
would,tidak
wouldn,tidak
xtra,ekstra
yabg,yang
yg,yang
yng,yang
zuzur,jujur
